date,dayOfYear,month,day,weekday,sunrise,sunset,description,startDt,startTm,endDt,endTm,type,show,url,notes,format,title,start,end
2022-09-18,261,Sep,18,Sun,6:39:00,19:00:00,Long Walk,2022-09-18,6:39:00,,,Walk,x,#find-us,,Walkx,Long Walk,2022-09-18T06:39:00,
2022-09-19,262,Sep,19,Mon,6:40:00,18:58:00,Short Walk,2022-09-19,6:40:00,,,Walk,x,#find-us,,Walkx,Short Walk,2022-09-19T06:40:00,
2022-09-21,264,Sep,21,Wed,6:42:00,18:55:00,Short Walk,2022-09-21,6:42:00,,,Walk,x,#find-us,,Walkx,Short Walk,2022-09-21T06:42:00,
2022-09-23,266,Sep,23,Fri,6:44:00,18:51:00,Short Walk,2022-09-23,6:44:00,,,Walk,x,#find-us,,Walkx,Short Walk,2022-09-23T06:44:00,
2022-09-25,268,Sep,25,Sun,6:46:00,18:48:00,Day Hike,2022-09-25,,,,Hike,t,#find-us,,Hiket,[TBD: Day Hike?],2022-09-25,
2022-09-25,268,Sep,25,Sun,6:46:00,18:48:00,Long Walk,2022-09-25,6:46:00,,,Walk,t,#find-us,,Walkt,[TBD: Long Walk?],2022-09-25T06:46:00,
2022-09-26,269,Sep,26,Mon,6:47:00,18:46:00,Short Walk,2022-09-26,6:47:00,,,Walk,x,#find-us,,Walkx,Short Walk,2022-09-26T06:47:00,
2022-09-28,271,Sep,28,Wed,6:49:00,18:43:00,Short Walk,2022-09-28,6:49:00,,,Walk,x,#find-us,,Walkx,Short Walk,2022-09-28T06:49:00,
2022-09-30,273,Sep,30,Fri,6:51:00,18:39:00,Short Walk,2022-09-30,6:51:00,,,Walk,x,#find-us,,Walkx,Short Walk,2022-09-30T06:51:00,
2022-10-02,275,Oct,2,Sun,6:53:00,18:36:00,Day Hike,2022-10-02,,,,Hike,x,#find-us,,Hikex,Day Hike,2022-10-02,
2022-10-02,275,Oct,2,Sun,6:53:00,18:36:00,Long Walk,2022-10-02,6:53:00,,,Walk,,#find-us,,Walk,XXXXXXXXXXXXXXX,XXXXXXXXXXXXXX,XXXXXXXXXXX
2022-10-03,276,Oct,3,Mon,6:54:00,18:34:00,Short Walk,2022-10-03,6:54:00,,,Walk,x,#find-us,,Walkx,Short Walk,2022-10-03T06:54:00,
2022-10-05,278,Oct,5,Wed,6:56:00,18:31:00,Short Walk,2022-10-05,6:56:00,,,Walk,x,#find-us,,Walkx,Short Walk,2022-10-05T06:56:00,
2022-10-07,280,Oct,7,Fri,6:59:00,18:28:00,Short Walk,2022-10-07,6:59:00,,,Walk,x,#find-us,,Walkx,Short Walk,2022-10-07T06:59:00,
2022-10-08,281,Oct,8,Sat,7:00:00,18:26:00,Backpacking,2022-10-08,,2022-10-11,,Trip,x,#find-us,,Tripx,Backpacking,2022-10-08,2022-10-11
2022-10-09,282,Oct,9,Sun,7:01:00,18:25:00,Day Hike,2022-10-09,,,,Hike,,#find-us,,Hike,XXXXXXXXXXXXXXX,XXXXXXXXXXXXXX,XXXXXXXXXXX
2022-10-09,282,Oct,9,Sun,7:01:00,18:25:00,Long Walk,2022-10-09,7:01:00,,,Walk,,#find-us,,Walk,XXXXXXXXXXXXXXX,XXXXXXXXXXXXXX,XXXXXXXXXXX
2022-10-10,283,Oct,10,Mon,7:02:00,18:23:00,Columbus Day,2022-10-10,,,,Holiday,x,,,Holidayx,Columbus Day,2022-10-10,
2022-10-10,283,Oct,10,Mon,7:02:00,18:23:00,Short Walk,2022-10-10,7:02:00,,,Walk,,#find-us,,Walk,XXXXXXXXXXXXXXX,XXXXXXXXXXXXXX,XXXXXXXXXXX
2022-10-11,284,Oct,11,Tue,7:03:00,18:22:00,No Outings,2022-10-11,,2022-10-18,,Special,x,,R in Town,Specialx,No Outings,2022-10-11,2022-10-18
2022-10-12,285,Oct,12,Wed,7:04:00,18:20:00,Short Walk,2022-10-12,7:04:00,,,Walk,,#find-us,,Walk,XXXXXXXXXXXXXXX,XXXXXXXXXXXXXX,XXXXXXXXXXX
2022-10-14,287,Oct,14,Fri,7:06:00,18:17:00,Short Walk,2022-10-14,7:06:00,,,Walk,,#find-us,,Walk,XXXXXXXXXXXXXXX,XXXXXXXXXXXXXX,XXXXXXXXXXX
2022-10-16,289,Oct,16,Sun,7:08:00,18:14:00,Day Hike,2022-10-16,,,,Hike,,#find-us,,Hike,XXXXXXXXXXXXXXX,XXXXXXXXXXXXXX,XXXXXXXXXXX
2022-10-16,289,Oct,16,Sun,7:08:00,18:14:00,Long Walk,2022-10-16,7:08:00,,,Walk,,#find-us,,Walk,XXXXXXXXXXXXXXX,XXXXXXXXXXXXXX,XXXXXXXXXXX
2022-10-17,290,Oct,17,Mon,7:09:00,18:12:00,Short Walk,2022-10-17,7:09:00,,,Walk,,#find-us,,Walk,XXXXXXXXXXXXXXX,XXXXXXXXXXXXXX,XXXXXXXXXXX
2022-10-19,292,Oct,19,Wed,7:11:00,18:09:00,Short Walk,2022-10-19,7:11:00,,,Walk,x,#find-us,,Walkx,Short Walk,2022-10-19T07:11:00,
2022-10-21,294,Oct,21,Fri,7:14:00,18:07:00,Short Walk,2022-10-21,7:14:00,,,Walk,x,#find-us,,Walkx,Short Walk,2022-10-21T07:14:00,
2022-10-23,296,Oct,23,Sun,7:16:00,18:04:00,Day Hike,2022-10-23,,,,Hike,t,#find-us,,Hiket,[TBD: Day Hike?],2022-10-23,
2022-10-23,296,Oct,23,Sun,7:16:00,18:04:00,Long Walk,2022-10-23,7:16:00,,,Walk,t,#find-us,,Walkt,[TBD: Long Walk?],2022-10-23T07:16:00,
2022-10-24,297,Oct,24,Mon,7:17:00,18:02:00,Short Walk,2022-10-24,7:17:00,,,Walk,x,#find-us,,Walkx,Short Walk,2022-10-24T07:17:00,
2022-10-26,299,Oct,26,Wed,7:19:00,18:00:00,Short Walk,2022-10-26,7:19:00,,,Walk,x,#find-us,,Walkx,Short Walk,2022-10-26T07:19:00,
2022-10-28,301,Oct,28,Fri,7:22:00,17:57:00,Short Walk,2022-10-28,7:22:00,,,Walk,x,#find-us,,Walkx,Short Walk,2022-10-28T07:22:00,
2022-10-30,303,Oct,30,Sun,7:24:00,17:54:00,Day Hike,2022-10-30,,,,Hike,t,#find-us,,Hiket,[TBD: Day Hike?],2022-10-30,
2022-10-30,303,Oct,30,Sun,7:24:00,17:54:00,Long Walk,2022-10-30,7:24:00,,,Walk,t,#find-us,,Walkt,[TBD: Long Walk?],2022-10-30T07:24:00,
2022-10-31,304,Oct,31,Mon,7:25:00,17:53:00,Short Walk,2022-10-31,7:25:00,,,Walk,x,#find-us,,Walkx,Short Walk,2022-10-31T07:25:00,
2022-11-02,306,Nov,2,Wed,6:27:00,16:51:00,Short Walk,2022-11-02,6:27:00,,,Walk,x,#find-us,,Walkx,Short Walk,2022-11-02T06:27:00,
2022-11-04,308,Nov,4,Fri,6:30:00,16:48:00,Short Walk,2022-11-04,6:30:00,,,Walk,x,#find-us,,Walkx,Short Walk,2022-11-04T06:30:00,
2022-11-06,310,Nov,6,Sun,6:32:00,16:46:00,Day Hike,2022-11-06,,,,Hike,t,#find-us,,Hiket,[TBD: Day Hike?],2022-11-06,
2022-11-06,310,Nov,6,Sun,6:32:00,16:46:00,Long Walk,2022-11-06,6:32:00,,,Walk,t,#find-us,,Walkt,[TBD: Long Walk?],2022-11-06T06:32:00,
2022-11-07,311,Nov,7,Mon,6:33:00,16:45:00,Short Walk,2022-11-07,6:33:00,,,Walk,x,#find-us,,Walkx,Short Walk,2022-11-07T06:33:00,
2022-11-08,312,Nov,8,Tue,6:35:00,16:44:00,Election Day,2022-11-08,,,,Holiday,x,,,Holidayx,Election Day,2022-11-08,
2022-11-09,313,Nov,9,Wed,6:36:00,16:43:00,Short Walk,2022-11-09,6:36:00,,,Walk,x,#find-us,,Walkx,Short Walk,2022-11-09T06:36:00,
2022-11-11,315,Nov,11,Fri,6:38:00,16:41:00,Backpacking,2022-11-11,,2022-11-14,,Trip,t,#find-us,,Tript,[TBD: Backpacking?],2022-11-11,2022-11-14
2022-11-11,315,Nov,11,Fri,6:38:00,16:41:00,Short Walk,2022-11-11,6:38:00,,,Walk,x,#find-us,,Walkx,Short Walk,2022-11-11T06:38:00,
2022-11-11,315,Nov,11,Fri,6:38:00,16:41:00,Veterans Day,2022-11-11,,,,Holiday,t,,,Holidayt,[TBD: Veterans Day?],2022-11-11,
2022-11-13,317,Nov,13,Sun,6:40:00,16:39:00,Day Hike,2022-11-13,,,,Hike,t,#find-us,,Hiket,[TBD: Day Hike?],2022-11-13,
2022-11-13,317,Nov,13,Sun,6:40:00,16:39:00,Long Walk,2022-11-13,6:40:00,,,Walk,t,#find-us,,Walkt,[TBD: Long Walk?],2022-11-13T06:40:00,
2022-11-14,318,Nov,14,Mon,6:42:00,16:38:00,Short Walk,2022-11-14,6:42:00,,,Walk,x,#find-us,,Walkx,Short Walk,2022-11-14T06:42:00,
2022-11-16,320,Nov,16,Wed,6:44:00,16:37:00,Short Walk,2022-11-16,6:44:00,,,Walk,x,#find-us,,Walkx,Short Walk,2022-11-16T06:44:00,
2022-11-18,322,Nov,18,Fri,6:46:00,16:35:00,Short Walk,2022-11-18,6:46:00,,,Walk,x,#find-us,,Walkx,Short Walk,2022-11-18T06:46:00,
2022-11-20,324,Nov,20,Sun,6:49:00,16:34:00,Day Hike,2022-11-20,,,,Hike,t,#find-us,,Hiket,[TBD: Day Hike?],2022-11-20,
2022-11-20,324,Nov,20,Sun,6:49:00,16:34:00,Long Walk,2022-11-20,6:49:00,,,Walk,t,#find-us,,Walkt,[TBD: Long Walk?],2022-11-20T06:49:00,
2022-11-21,325,Nov,21,Mon,6:50:00,16:33:00,Short Walk,2022-11-21,6:50:00,,,Walk,x,#find-us,,Walkx,Short Walk,2022-11-21T06:50:00,
2022-11-23,327,Nov,23,Wed,6:52:00,16:32:00,Short Walk,2022-11-23,6:52:00,,,Walk,x,#find-us,,Walkx,Short Walk,2022-11-23T06:52:00,
2022-11-24,328,Nov,24,Thu,6:53:00,16:32:00,Backpacking,2022-11-24,,2022-11-28,,Trip,t,#find-us,,Tript,[TBD: Backpacking?],2022-11-24,2022-11-28
2022-11-24,328,Nov,24,Thu,6:53:00,16:32:00,Thanksgiving Day,2022-11-24,,,,Holiday,x,,,Holidayx,Thanksgiving Day,2022-11-24,
2022-11-25,329,Nov,25,Fri,6:54:00,16:31:00,Short Walk,2022-11-25,6:54:00,,,Walk,x,#find-us,,Walkx,Short Walk,2022-11-25T06:54:00,
2022-11-27,331,Nov,27,Sun,6:56:00,16:30:00,Day Hike,2022-11-27,,,,Hike,t,#find-us,,Hiket,[TBD: Day Hike?],2022-11-27,
2022-11-27,331,Nov,27,Sun,6:56:00,16:30:00,Long Walk,2022-11-27,6:56:00,,,Walk,t,#find-us,,Walkt,[TBD: Long Walk?],2022-11-27T06:56:00,
2022-11-28,332,Nov,28,Mon,6:57:00,16:30:00,Short Walk,2022-11-28,6:57:00,,,Walk,x,#find-us,,Walkx,Short Walk,2022-11-28T06:57:00,
2022-11-30,334,Nov,30,Wed,6:59:00,16:29:00,Short Walk,2022-11-30,6:59:00,,,Walk,x,#find-us,,Walkx,Short Walk,2022-11-30T06:59:00,
2022-12-02,336,Dec,2,Fri,7:01:00,16:29:00,Short Walk,2022-12-02,7:01:00,,,Walk,x,#find-us,,Walkx,Short Walk,2022-12-02T07:01:00,
2022-12-04,338,Dec,4,Sun,7:03:00,16:28:00,Day Hike,2022-12-04,,,,Hike,t,#find-us,,Hiket,[TBD: Day Hike?],2022-12-04,
2022-12-04,338,Dec,4,Sun,7:03:00,16:28:00,Long Walk,2022-12-04,7:03:00,,,Walk,t,#find-us,,Walkt,[TBD: Long Walk?],2022-12-04T07:03:00,
2022-12-05,339,Dec,5,Mon,7:04:00,16:28:00,Short Walk,2022-12-05,7:04:00,,,Walk,x,#find-us,,Walkx,Short Walk,2022-12-05T07:04:00,
2022-12-07,341,Dec,7,Wed,7:06:00,16:28:00,Short Walk,2022-12-07,7:06:00,,,Walk,x,#find-us,,Walkx,Short Walk,2022-12-07T07:06:00,
2022-12-09,343,Dec,9,Fri,7:08:00,16:28:00,Short Walk,2022-12-09,7:08:00,,,Walk,x,#find-us,,Walkx,Short Walk,2022-12-09T07:08:00,
2022-12-11,345,Dec,11,Sun,7:10:00,16:28:00,Day Hike,2022-12-11,,,,Hike,t,#find-us,,Hiket,[TBD: Day Hike?],2022-12-11,
2022-12-11,345,Dec,11,Sun,7:10:00,16:28:00,Long Walk,2022-12-11,7:10:00,,,Walk,t,#find-us,,Walkt,[TBD: Long Walk?],2022-12-11T07:10:00,
2022-12-12,346,Dec,12,Mon,7:10:00,16:28:00,Short Walk,2022-12-12,7:10:00,,,Walk,x,#find-us,,Walkx,Short Walk,2022-12-12T07:10:00,
2022-12-14,348,Dec,14,Wed,7:12:00,16:29:00,Short Walk,2022-12-14,7:12:00,,,Walk,x,#find-us,,Walkx,Short Walk,2022-12-14T07:12:00,
2022-12-16,350,Dec,16,Fri,7:13:00,16:29:00,Short Walk,2022-12-16,7:13:00,,,Walk,x,#find-us,,Walkx,Short Walk,2022-12-16T07:13:00,
2022-12-18,352,Dec,18,Sun,7:14:00,16:30:00,Day Hike,2022-12-18,,,,Hike,t,#find-us,,Hiket,[TBD: Day Hike?],2022-12-18,
2022-12-18,352,Dec,18,Sun,7:14:00,16:30:00,Long Walk,2022-12-18,7:14:00,,,Walk,t,#find-us,,Walkt,[TBD: Long Walk?],2022-12-18T07:14:00,
2022-12-19,353,Dec,19,Mon,7:15:00,16:31:00,Short Walk,2022-12-19,7:15:00,,,Walk,x,#find-us,,Walkx,Short Walk,2022-12-19T07:15:00,
2022-12-21,355,Dec,21,Wed,7:16:00,16:31:00,Short Walk,2022-12-21,7:16:00,,,Walk,x,#find-us,,Walkx,Short Walk,2022-12-21T07:16:00,
2022-12-23,357,Dec,23,Fri,7:17:00,16:33:00,Short Walk,2022-12-23,7:17:00,,,Walk,x,#find-us,,Walkx,Short Walk,2022-12-23T07:17:00,
2022-12-24,358,Dec,24,Sat,7:17:00,16:33:00,Backpacking,2022-12-24,,2022-12-27,,Trip,t,#find-us,,Tript,[TBD: Backpacking?],2022-12-24,2022-12-27
2022-12-25,359,Dec,25,Sun,7:18:00,16:34:00,Christmas Day,2022-12-25,,,,Holiday,x,,,Holidayx,Christmas Day,2022-12-25,
2022-12-25,359,Dec,25,Sun,7:18:00,16:34:00,Day Hike,2022-12-25,,,,Hike,t,#find-us,,Hiket,[TBD: Day Hike?],2022-12-25,
2022-12-25,359,Dec,25,Sun,7:18:00,16:34:00,Long Walk,2022-12-25,7:18:00,,,Walk,t,#find-us,,Walkt,[TBD: Long Walk?],2022-12-25T07:18:00,
2022-12-26,360,Dec,26,Mon,7:18:00,16:34:00,Christmas Day (Observed),2022-12-26,,,,Holiday,x,,,Holidayx,Christmas Day (Observed),2022-12-26,
2022-12-26,360,Dec,26,Mon,7:18:00,16:34:00,Short Walk,2022-12-26,7:18:00,,,Walk,,#find-us,,Walk,XXXXXXXXXXXXXXX,XXXXXXXXXXXXXX,XXXXXXXXXXX
2022-12-28,362,Dec,28,Wed,7:19:00,16:36:00,Short Walk,2022-12-28,7:19:00,,,Walk,x,#find-us,,Walkx,Short Walk,2022-12-28T07:19:00,
2022-12-30,364,Dec,30,Fri,7:19:00,16:37:00,Short Walk,2022-12-30,7:19:00,,,Walk,x,#find-us,,Walkx,Short Walk,2022-12-30T07:19:00,
2022-12-31,365,Dec,31,Sat,7:19:00,16:38:00,Backpacking,2022-12-31,,2023-01-03,,Trip,t,#find-us,,Tript,[TBD: Backpacking?],2022-12-31,2023-01-03
2023-01-01,1,Jan,1,Sun,7:19:00,16:39:00,Day Hike,2023-01-01,,,,Hike,t,#find-us,,Hiket,[TBD: Day Hike?],2023-01-01,
2023-01-01,1,Jan,1,Sun,7:19:00,16:39:00,Long Walk,2023-01-01,7:19:00,,,Walk,t,#find-us,,Walkt,[TBD: Long Walk?],2023-01-01T07:19:00,
2023-01-01,1,Jan,1,Sun,7:19:00,16:39:00,New Years Day,2023-01-01,,,,Holiday,x,,,Holidayx,New Years Day,2023-01-01,
2023-01-02,2,Jan,2,Mon,7:20:00,16:40:00,New Years Day (Observed),2023-01-02,,,,Holiday,x,,,Holidayx,New Years Day (Observed),2023-01-02,
2023-01-02,2,Jan,2,Mon,7:20:00,16:40:00,Short Walk,2023-01-02,7:20:00,,,Walk,,#find-us,,Walk,XXXXXXXXXXXXXXX,XXXXXXXXXXXXXX,XXXXXXXXXXX
2023-01-04,4,Jan,4,Wed,7:20:00,16:42:00,Short Walk,2023-01-04,7:20:00,,,Walk,x,#find-us,,Walkx,Short Walk,2023-01-04T07:20:00,
2023-01-06,6,Jan,6,Fri,7:19:00,16:44:00,Short Walk,2023-01-06,7:19:00,,,Walk,x,#find-us,,Walkx,Short Walk,2023-01-06T07:19:00,
2023-01-08,8,Jan,8,Sun,7:19:00,16:46:00,Day Hike,2023-01-08,,,,Hike,t,#find-us,,Hiket,[TBD: Day Hike?],2023-01-08,
2023-01-08,8,Jan,8,Sun,7:19:00,16:46:00,Long Walk,2023-01-08,7:19:00,,,Walk,t,#find-us,,Walkt,[TBD: Long Walk?],2023-01-08T07:19:00,
2023-01-09,9,Jan,9,Mon,7:19:00,16:47:00,Short Walk,2023-01-09,7:19:00,,,Walk,x,#find-us,,Walkx,Short Walk,2023-01-09T07:19:00,
2023-01-11,11,Jan,11,Wed,7:19:00,16:49:00,Short Walk,2023-01-11,7:19:00,,,Walk,x,#find-us,,Walkx,Short Walk,2023-01-11T07:19:00,
2023-01-13,13,Jan,13,Fri,7:18:00,16:51:00,Short Walk,2023-01-13,7:18:00,,,Walk,x,#find-us,,Walkx,Short Walk,2023-01-13T07:18:00,
2023-01-15,15,Jan,15,Sun,7:17:00,16:53:00,Day Hike,2023-01-15,,,,Hike,t,#find-us,,Hiket,[TBD: Day Hike?],2023-01-15,
2023-01-15,15,Jan,15,Sun,7:17:00,16:53:00,Long Walk,2023-01-15,7:17:00,,,Walk,t,#find-us,,Walkt,[TBD: Long Walk?],2023-01-15T07:17:00,
2023-01-16,16,Jan,16,Mon,7:17:00,16:54:00,Short Walk,2023-01-16,7:17:00,,,Walk,x,#find-us,,Walkx,Short Walk,2023-01-16T07:17:00,
2023-01-18,18,Jan,18,Wed,7:16:00,16:56:00,Short Walk,2023-01-18,7:16:00,,,Walk,x,#find-us,,Walkx,Short Walk,2023-01-18T07:16:00,
2023-01-20,20,Jan,20,Fri,7:15:00,16:59:00,Short Walk,2023-01-20,7:15:00,,,Walk,x,#find-us,,Walkx,Short Walk,2023-01-20T07:15:00,
2023-01-22,22,Jan,22,Sun,7:13:00,17:01:00,Day Hike,2023-01-22,,,,Hike,t,#find-us,,Hiket,[TBD: Day Hike?],2023-01-22,
2023-01-22,22,Jan,22,Sun,7:13:00,17:01:00,Long Walk,2023-01-22,7:13:00,,,Walk,t,#find-us,,Walkt,[TBD: Long Walk?],2023-01-22T07:13:00,
2023-01-23,23,Jan,23,Mon,7:13:00,17:02:00,Short Walk,2023-01-23,7:13:00,,,Walk,x,#find-us,,Walkx,Short Walk,2023-01-23T07:13:00,
2023-01-25,25,Jan,25,Wed,7:11:00,17:05:00,Short Walk,2023-01-25,7:11:00,,,Walk,x,#find-us,,Walkx,Short Walk,2023-01-25T07:11:00,
2023-01-27,27,Jan,27,Fri,7:09:00,17:07:00,Short Walk,2023-01-27,7:09:00,,,Walk,x,#find-us,,Walkx,Short Walk,2023-01-27T07:09:00,
2023-01-29,29,Jan,29,Sun,7:08:00,17:10:00,Day Hike,2023-01-29,,,,Hike,t,#find-us,,Hiket,[TBD: Day Hike?],2023-01-29,
2023-01-29,29,Jan,29,Sun,7:08:00,17:10:00,Long Walk,2023-01-29,7:08:00,,,Walk,t,#find-us,,Walkt,[TBD: Long Walk?],2023-01-29T07:08:00,
2023-01-30,30,Jan,30,Mon,7:07:00,17:11:00,Short Walk,2023-01-30,7:07:00,,,Walk,x,#find-us,,Walkx,Short Walk,2023-01-30T07:07:00,
2023-02-01,32,Feb,1,Wed,7:05:00,17:13:00,Short Walk,2023-02-01,7:05:00,,,Walk,x,#find-us,,Walkx,Short Walk,2023-02-01T07:05:00,
2023-02-03,34,Feb,3,Fri,7:03:00,17:16:00,Short Walk,2023-02-03,7:03:00,,,Walk,x,#find-us,,Walkx,Short Walk,2023-02-03T07:03:00,
2023-02-05,36,Feb,5,Sun,7:01:00,17:18:00,Day Hike,2023-02-05,,,,Hike,t,#find-us,,Hiket,[TBD: Day Hike?],2023-02-05,
2023-02-05,36,Feb,5,Sun,7:01:00,17:18:00,Long Walk,2023-02-05,7:01:00,,,Walk,t,#find-us,,Walkt,[TBD: Long Walk?],2023-02-05T07:01:00,
2023-02-06,37,Feb,6,Mon,7:00:00,17:20:00,Short Walk,2023-02-06,7:00:00,,,Walk,x,#find-us,,Walkx,Short Walk,2023-02-06T07:00:00,
2023-02-08,39,Feb,8,Wed,6:57:00,17:22:00,Short Walk,2023-02-08,6:57:00,,,Walk,x,#find-us,,Walkx,Short Walk,2023-02-08T06:57:00,
2023-02-10,41,Feb,10,Fri,6:55:00,17:24:00,Short Walk,2023-02-10,6:55:00,,,Walk,x,#find-us,,Walkx,Short Walk,2023-02-10T06:55:00,
2023-02-12,43,Feb,12,Sun,6:53:00,17:27:00,Day Hike,2023-02-12,,,,Hike,t,#find-us,,Hiket,[TBD: Day Hike?],2023-02-12,
2023-02-12,43,Feb,12,Sun,6:53:00,17:27:00,Long Walk,2023-02-12,6:53:00,,,Walk,t,#find-us,,Walkt,[TBD: Long Walk?],2023-02-12T06:53:00,
2023-02-13,44,Feb,13,Mon,6:51:00,17:28:00,Short Walk,2023-02-13,6:51:00,,,Walk,x,#find-us,,Walkx,Short Walk,2023-02-13T06:51:00,
2023-02-15,46,Feb,15,Wed,6:49:00,17:30:00,Short Walk,2023-02-15,6:49:00,,,Walk,x,#find-us,,Walkx,Short Walk,2023-02-15T06:49:00,
2023-02-17,48,Feb,17,Fri,6:46:00,17:33:00,Short Walk,2023-02-17,6:46:00,,,Walk,x,#find-us,,Walkx,Short Walk,2023-02-17T06:46:00,
2023-02-19,50,Feb,19,Sun,6:43:00,17:35:00,Day Hike,2023-02-19,,,,Hike,t,#find-us,,Hiket,[TBD: Day Hike?],2023-02-19,
2023-02-19,50,Feb,19,Sun,6:43:00,17:35:00,Long Walk,2023-02-19,6:43:00,,,Walk,t,#find-us,,Walkt,[TBD: Long Walk?],2023-02-19T06:43:00,
2023-02-20,51,Feb,20,Mon,6:42:00,17:36:00,Short Walk,2023-02-20,6:42:00,,,Walk,x,#find-us,,Walkx,Short Walk,2023-02-20T06:42:00,
2023-02-22,53,Feb,22,Wed,6:39:00,17:39:00,Short Walk,2023-02-22,6:39:00,,,Walk,x,#find-us,,Walkx,Short Walk,2023-02-22T06:39:00,
2023-02-24,55,Feb,24,Fri,6:36:00,17:41:00,Short Walk,2023-02-24,6:36:00,,,Walk,x,#find-us,,Walkx,Short Walk,2023-02-24T06:36:00,
2023-02-26,57,Feb,26,Sun,6:33:00,17:43:00,Day Hike,2023-02-26,,,,Hike,t,#find-us,,Hiket,[TBD: Day Hike?],2023-02-26,
2023-02-26,57,Feb,26,Sun,6:33:00,17:43:00,Long Walk,2023-02-26,6:33:00,,,Walk,t,#find-us,,Walkt,[TBD: Long Walk?],2023-02-26T06:33:00,
2023-02-27,58,Feb,27,Mon,6:32:00,17:45:00,Short Walk,2023-02-27,6:32:00,,,Walk,x,#find-us,,Walkx,Short Walk,2023-02-27T06:32:00,
2023-03-01,60,Mar,1,Wed,6:29:00,17:47:00,Short Walk,2023-03-01,6:29:00,,,Walk,x,#find-us,,Walkx,Short Walk,2023-03-01T06:29:00,
2023-03-03,62,Mar,3,Fri,6:26:00,17:49:00,Short Walk,2023-03-03,6:26:00,,,Walk,x,#find-us,,Walkx,Short Walk,2023-03-03T06:26:00,
2023-03-05,64,Mar,5,Sun,6:22:00,17:51:00,Day Hike,2023-03-05,,,,Hike,t,#find-us,,Hiket,[TBD: Day Hike?],2023-03-05,
2023-03-05,64,Mar,5,Sun,6:22:00,17:51:00,Long Walk,2023-03-05,6:22:00,,,Walk,t,#find-us,,Walkt,[TBD: Long Walk?],2023-03-05T06:22:00,
2023-03-06,65,Mar,6,Mon,6:21:00,17:53:00,Short Walk,2023-03-06,6:21:00,,,Walk,x,#find-us,,Walkx,Short Walk,2023-03-06T06:21:00,
2023-03-08,67,Mar,8,Wed,6:18:00,17:55:00,Short Walk,2023-03-08,6:18:00,,,Walk,x,#find-us,,Walkx,Short Walk,2023-03-08T06:18:00,
2023-03-10,69,Mar,10,Fri,7:14:00,18:57:00,Short Walk,2023-03-10,7:14:00,,,Walk,x,#find-us,,Walkx,Short Walk,2023-03-10T07:14:00,
2023-03-12,71,Mar,12,Sun,7:11:00,18:59:00,Day Hike,2023-03-12,,,,Hike,t,#find-us,,Hiket,[TBD: Day Hike?],2023-03-12,
2023-03-12,71,Mar,12,Sun,7:11:00,18:59:00,Long Walk,2023-03-12,7:11:00,,,Walk,t,#find-us,,Walkt,[TBD: Long Walk?],2023-03-12T07:11:00,
2023-03-13,72,Mar,13,Mon,7:10:00,19:00:00,Short Walk,2023-03-13,7:10:00,,,Walk,x,#find-us,,Walkx,Short Walk,2023-03-13T07:10:00,
2023-03-15,74,Mar,15,Wed,7:06:00,19:02:00,No Morning Walk,2023-03-15,,,,Special,t,,Dr R,Specialt,[TBD: No Morning Walk?],2023-03-15,
2023-03-15,74,Mar,15,Wed,7:06:00,19:02:00,Short Walk,2023-03-15,7:06:00,,,Walk,t,#find-us,,Walkt,[TBD: Short Walk?],2023-03-15T07:06:00,
2023-03-17,76,Mar,17,Fri,7:03:00,19:04:00,Short Walk,2023-03-17,7:03:00,,,Walk,x,#find-us,,Walkx,Short Walk,2023-03-17T07:03:00,
2023-03-19,78,Mar,19,Sun,7:00:00,19:07:00,Day Hike,2023-03-19,,,,Hike,t,#find-us,,Hiket,[TBD: Day Hike?],2023-03-19,
2023-03-19,78,Mar,19,Sun,7:00:00,19:07:00,Long Walk,2023-03-19,7:00:00,,,Walk,t,#find-us,,Walkt,[TBD: Long Walk?],2023-03-19T07:00:00,
2023-03-20,79,Mar,20,Mon,6:58:00,19:08:00,Short Walk,2023-03-20,6:58:00,,,Walk,x,#find-us,,Walkx,Short Walk,2023-03-20T06:58:00,
2023-03-22,81,Mar,22,Wed,6:55:00,19:10:00,Short Walk,2023-03-22,6:55:00,,,Walk,x,#find-us,,Walkx,Short Walk,2023-03-22T06:55:00,
2023-03-24,83,Mar,24,Fri,6:51:00,19:12:00,Short Walk,2023-03-24,6:51:00,,,Walk,x,#find-us,,Walkx,Short Walk,2023-03-24T06:51:00,
2023-03-26,85,Mar,26,Sun,6:48:00,19:14:00,Day Hike,2023-03-26,,,,Hike,t,#find-us,,Hiket,[TBD: Day Hike?],2023-03-26,
2023-03-26,85,Mar,26,Sun,6:48:00,19:14:00,Long Walk,2023-03-26,6:48:00,,,Walk,t,#find-us,,Walkt,[TBD: Long Walk?],2023-03-26T06:48:00,
2023-03-27,86,Mar,27,Mon,6:46:00,19:15:00,Short Walk,2023-03-27,6:46:00,,,Walk,x,#find-us,,Walkx,Short Walk,2023-03-27T06:46:00,
2023-03-29,88,Mar,29,Wed,6:43:00,19:17:00,Short Walk,2023-03-29,6:43:00,,,Walk,x,#find-us,,Walkx,Short Walk,2023-03-29T06:43:00,
2023-03-31,90,Mar,31,Fri,6:40:00,19:19:00,Short Walk,2023-03-31,6:40:00,,,Walk,x,#find-us,,Walkx,Short Walk,2023-03-31T06:40:00,
2023-09-03,246,Sep,3,Sun,6:25:00,19:25:00,Backpacking,2023-09-03,,2022-09-06,,Trip,t,#find-us,,Tript,[TBD: Backpacking?],2023-09-03,2022-09-06
